"طابع زمني","اسم المستخدم","السؤال 1: 
عندما أكون تحت الضغط أو أمر بمرحلة صعبة، أجد نفسي غالبًا:","السؤال 2: 
ما هو أقرب دافع خفي يُحركني في الحياة؟","السؤال 3:

حين أعمل ضمن فريق أو علاقة:","السؤال 4: 
ما هو الشيء الذي يزعجني أكثر من غيره في الآخرين؟","السؤال 5: 
عندما أنجح أو أحقق هدفًا، شعوري الأساسي يكون:","السؤال 6: 
في طفولتي، شعرت أنني:","السؤال 7: 
أواجه التغيير أو الفوضى عادةً بـ:","السؤال 8: 
في العلاقات القريبة، أنا غالبًا:","السؤال 9: 
أكثر ما يُخيفني في أعماقي هو:","السؤال 10: 
عندما أشعر أن هناك تهديدًا لمكانتي أو صورتي، فإنني:","السؤال 1: 
عندما أكون في مجموعة أو مكان عام، فإنني:","السؤال 2: 
بعد يوم طويل من النشاط أو الدراسة:","السؤال 3: 
عند تعلم شيء جديد:","السؤال 4: 
عندما أتحدث أو أفكر:","السؤال 5: 
عند اتخاذ قرار مهم:","السؤال 6: 
عند التعامل مع شخص أخطأ في حقي:","السؤال 7: 
عند تنظيم الوقت أو العمل:","السؤال 8: 
عند مواجهة مهمة غير متوقعة:","السؤال 1: 
عند مواجهة فكرة جديدة:","السؤال 2: 
أثناء العمل أو التعلم:","السؤال 3: 
عندما ألاحظ شيئًا:","السؤال 4: 
عند تذكر موقف قديم:","السؤال 5: 
عند حسم موقف شخصي:","السؤال 6: 
عند رؤية سلوك غير عادل:","السؤال 7: 
في المواقف العشوائية أو الفوضوية:","السؤال 8: 
عندما أُخطط لمستقبلي:","السؤال 1:

 ▪️ الميل للقيادة والاستقلالية :","السؤال 2:

  ▪️ الحزم والسعي للنتائج :  ","السؤال 3:

  ▪️ التواصل والانفتاح الاجتماعي :","السؤال 4:

  ▪️ التحفيز والإبداع : ","السؤال 5:

  ▪️ تفضيل الاستقرار والروتين :  ","السؤال 6:

  ▪️ التعاون وضبط النفس :  ","السؤال 7:

  ▪️ الانضباط والتركيز على الجودة :","السؤال 8:

▪️ التحليل والالتزام بالقواعد :","السؤال 1:

▪️ الصدق مع الذات:  ","السؤال 2:

  ▪️ نقد الذات أو رفضها:  ","السؤال 3:

  ▪️ الانفعالات غير المبررة تجاه الآخرين:  ","السؤال 4:

  ▪️ الخوف من الانكشاف:  ","السؤال 5:

  ▪️ التقليل من الذات أو تجنب التألق:  ","السؤال 6:

  ▪️ كبت الطموح والرغبات الشخصية:  "
"2025/05/16 10:04:25 م غرينتش+3","aichayoser@gmail.com","ج) أشعر بالضعف أو الحزن وأبحث عن دعم أو طمأنينة.","ب) أن أكون في أمان ولا أتعرض للخطر.","أ) أُحب أن أكون القائد أو أوجّه الآخرين.","ج) السيطرة عليّ أو تقييد حريتي.","أ) فخر داخلي ورضا ذاتي.","أ) يجب أن أكون جيدًا ومثاليًا حتى أُقبل.","ج) التأقلم بسرعة ومحاولة التحكم من الداخل.","ج) أُعطي الآخرين شعورًا بالأمان رغم تحفظي.","ج) أن أُفقد السيطرة أو أتعرّض للخذلان.","ردة فعل هادئة وأتجاهل","أ) أستمتع بالتحدث ومشاركة الأفكار والانخراط في الحوار (E).","ب) أُفضل البقاء وحدي لإعادة شحن طاقتي بهدوء (I).","أ) أُفضل الأمثلة العملية والمعلومات الملموسة والواضحة (S).","ب) أربط الأمور ببعضها وأفكر في الاحتمالات والصور الذهنية (N).",") أُفكّر بطريقة منطقية، وأُوازن المعطيات للوصول إلى القرار الأفضل (T).","ب) أُفكر بمشاعره وظروفه، وأحاول تجنّب الجرح المتبادل (F).","ب) أستمتع بالتحدي وقد أبدأ مباشرة دون خطة (P).","أ) أنزعج قليلًا وأحاول إعادة ترتيب الأمور (J).","أ) أُحللها داخليًا وأربطها بخبراتي ومعتقداتي (Introverted - Ni/Si).","أ) أُركز على أفكاري العميقة وتفاصيل داخلية يصعب شرحها (Introverted).","ب) أبحث فورًا عن معنى أعمق أو احتمالات قادمة (Ne/Ni).","أ) أسترجعه كما لو أنني أعيشه مجددًا، بتفاصيله الكاملة (Si).","أ) أُفضل التفكير الهادئ والداخلي لأصل للقرار (Ti).","ب) أُفكر: ""ما تأثير ذلك على الشخص؟ هل كان يشعر بالألم؟"" (Fi/Fe).","ب) أتكيف وأرتب أولوياتي وفقًا للظروف (Ne/Se).","أ) أضع رؤى طويلة الأمد وأتبعها بصبر (Ni).","هل تفضل أن تتخذ قراراتك بنفسك دون الاعتماد على آراء الآخرين؟","هل تواجه المشكلات والتحديات بشكل مباشر؟","هل يُوصف أسلوبك بأنه متفائل أو جذّاب؟","هل تشعر أنك قادر على إلهام أو تحفيز من حولك؟","هل تفضل بيئة عمل مستقرة ومنظمة؟","هل تتصرف بهدوء وصبر في التعامل مع المشاكل؟","هل تحرص على الدقة في أداء المهام وتفاصيلها؟","هل تفكر جيدًا وتدرس الأمور قبل اتخاذ أي قرار؟","هل تشعر أنك ترتدي ""أقنعة"" مختلفة حسب من تتعامل معهم؟","هل تجد صعوبة في الشعور بالرضا عن نفسك أو إنجازاتك؟","هل تستفزك صفات معينة في الناس (مثل الغرور، الضعف، التردد) بشكل مبالغ فيه؟","هل تخشى أن يعرف الآخرون حقيقتك الكاملة؟","هل تخشى إبراز قدراتك أو طموحاتك خوفًا من الحسد أو النقد؟","هل تشعر بالذنب عندما تسعى لتحقيق مصلحتك الخاصة؟"